<environmentvariabledefinition schemaname="tsinfo_shared_sharepointonline_1ef0367007824f2f8d1c4eac346dc08b">
  <apiid>/providers/microsoft.powerapps/apis/shared_sharepointonline</apiid>
  <displayname default="Marketing - https://szg52.sharepoint.com/sites/Marketing806">
    <label description="Marketing - https://szg52.sharepoint.com/sites/Marketing806" languagecode="1033" />
  </displayname>
  <introducedversion>1.0.0.1</introducedversion>
  <iscustomizable>1</iscustomizable>
  <isrequired>0</isrequired>
  <parameterkey>dataset</parameterkey>
  <secretstore>0</secretstore>
  <type>100000004</type>
</environmentvariabledefinition>