{
  "properties": {
    "connectionReferences": {
      "shared_office365": {
        "runtimeSource": "embedded",
        "connection": {
          "connectionReferenceLogicalName": "tsinfo_sharedoffice365_c15d5"
        },
        "api": {
          "name": "shared_office365"
        }
      },
      "shared_sharepointonline": {
        "runtimeSource": "embedded",
        "connection": {
          "connectionReferenceLogicalName": "tsinfo_sharedsharepointonline_0a2f7"
        },
        "api": {
          "name": "shared_sharepointonline"
        }
      }
    },
    "definition": {
      "$schema": "https://schema.management.azure.com/providers/Microsoft.Logic/schemas/2016-06-01/workflowdefinition.json#",
      "contentVersion": "1.0.0.0",
      "parameters": {
        "$connections": {
          "defaultValue": {},
          "type": "Object"
        },
        "$authentication": {
          "defaultValue": {},
          "type": "SecureObject"
        },
        "Issue Tracker (tsinfo_shared_sharepointonline_10ed987fecb7450b8201605f23c7eeb6)": {
          "defaultValue": "a0777c54-be17-43d3-bf39-583ecc170dd3",
          "type": "String",
          "metadata": {
            "schemaName": "tsinfo_shared_sharepointonline_10ed987fecb7450b8201605f23c7eeb6"
          }
        },
        "Marketing - https://szg52.sharepoint.com/sites/Marketing806 (tsinfo_shared_sharepointonline_1ef0367007824f2f8d1c4eac346dc08b)": {
          "defaultValue": "https://szg52.sharepoint.com/sites/Marketing806",
          "type": "String",
          "metadata": {
            "schemaName": "tsinfo_shared_sharepointonline_1ef0367007824f2f8d1c4eac346dc08b"
          }
        }
      },
      "triggers": {
        "When_an_item_is_created": {
          "recurrence": {
            "interval": 3,
            "frequency": "Minute"
          },
          "splitOn": "@triggerOutputs()?['body/value']",
          "metadata": {
            "operationMetadataId": "2d5c6e9e-b6e9-43b6-9e93-fb38d05ac5c1"
          },
          "type": "OpenApiConnection",
          "inputs": {
            "host": {
              "connectionName": "shared_sharepointonline",
              "operationId": "GetOnNewItems",
              "apiId": "/providers/Microsoft.PowerApps/apis/shared_sharepointonline"
            },
            "parameters": {
              "dataset": "@parameters('Marketing - https://szg52.sharepoint.com/sites/Marketing806 (tsinfo_shared_sharepointonline_1ef0367007824f2f8d1c4eac346dc08b)')",
              "table": "@parameters('Issue Tracker (tsinfo_shared_sharepointonline_10ed987fecb7450b8201605f23c7eeb6)')"
            },
            "authentication": "@parameters('$authentication')"
          }
        }
      },
      "actions": {
        "Send_an_email_(V2)": {
          "runAfter": {},
          "metadata": {
            "operationMetadataId": "0d14bbb3-3ea8-41cd-85b4-56ade6c7b6be"
          },
          "type": "OpenApiConnection",
          "inputs": {
            "host": {
              "connectionName": "shared_office365",
              "operationId": "SendEmailV2",
              "apiId": "/providers/Microsoft.PowerApps/apis/shared_office365"
            },
            "parameters": {
              "emailMessage/To": "@triggerOutputs()?['body/Assignedto0/Email']",
              "emailMessage/Subject": "Issue is created",
              "emailMessage/Body": "<p>Issue is created! @{triggerOutputs()?['body/Title']}<br>\nPlease check the data source once</p>",
              "emailMessage/Importance": "Normal"
            },
            "authentication": "@parameters('$authentication')"
          }
        }
      },
      "outputs": {}
    },
    "templateName": ""
  },
  "schemaVersion": "1.0.0.0"
}