<ImportExportXml xmlns:xsi="http://www.w3.org/2001/XMLSchema-instance">
  <Entities></Entities>
  <Roles></Roles>
  <Workflows>
    <Workflow WorkflowId="{0105fd16-6c2d-ef11-840a-000d3a342f0c}" Name="Issue Sending Flow">
      <JsonFileName>/Workflows/IssueSendingFlow-0105FD16-6C2D-EF11-840A-000D3A342F0C.json</JsonFileName>
      <Type>1</Type>
      <Subprocess>0</Subprocess>
      <Category>5</Category>
      <Mode>0</Mode>
      <Scope>4</Scope>
      <OnDemand>0</OnDemand>
      <TriggerOnCreate>0</TriggerOnCreate>
      <TriggerOnDelete>0</TriggerOnDelete>
      <AsyncAutodelete>0</AsyncAutodelete>
      <SyncWorkflowLogOnFailure>0</SyncWorkflowLogOnFailure>
      <StateCode>1</StateCode>
      <StatusCode>2</StatusCode>
      <RunAs>1</RunAs>
      <IsTransacted>1</IsTransacted>
      <IntroducedVersion>1.0.0.0</IntroducedVersion>
      <IsCustomizable>1</IsCustomizable>
      <BusinessProcessType>0</BusinessProcessType>
      <IsCustomProcessingStepAllowedForOtherPublishers>1</IsCustomProcessingStepAllowedForOtherPublishers>
      <PrimaryEntity>none</PrimaryEntity>
      <LocalizedNames>
        <LocalizedName languagecode="1033" description="Issue Sending Flow" />
      </LocalizedNames>
    </Workflow>
  </Workflows>
  <FieldSecurityProfiles></FieldSecurityProfiles>
  <Templates />
  <EntityMaps />
  <EntityRelationships />
  <OrganizationSettings />
  <optionsets />
  <CustomControls />
  <EntityDataProviders />
  <CanvasApps>
    <CanvasApp>
      <Name>tsinfo_issuetrackerapplication_06840</Name>
      <AppVersion>2024-07-12T12:06:53Z</AppVersion>
      <Status>Ready</Status>
      <CreatedByClientVersion>3.24064.21.0</CreatedByClientVersion>
      <MinClientVersion>3.24064.21.0</MinClientVersion>
      <Tags>{"primaryDeviceWidth":"1366","primaryDeviceHeight":"768","supportsPortrait":"true","supportsLandscape":"true","primaryFormFactor":"Tablet","showStatusBar":"false","publisherVersion":"3.24064.21","minimumRequiredApiVersion":"2.2.0","hasComponent":"false","hasUnlockedComponent":"false","isUnifiedRootApp":"false","sienaVersion":"20240712T074642Z-3.24064.21.0"}</Tags>
      <IsCdsUpgraded>0</IsCdsUpgraded>
      <GalleryItemId xsi:nil="true"></GalleryItemId>
      <BackgroundColor>RGBA(0,176,240,1)</BackgroundColor>
      <DisplayName>Issue Tracker Application</DisplayName>
      <Description xsi:nil="true"></Description>
      <CommitMessage xsi:nil="true"></CommitMessage>
      <Publisher xsi:nil="true"></Publisher>
      <AuthorizationReferences>[]</AuthorizationReferences>
      <ConnectionReferences>{"09b037ac-fee8-44d4-8886-717d7ddc0cc1":{"id":"/providers/microsoft.powerapps/apis/shared_sharepointonline","displayName":"SharePoint","iconUri":"https://connectoricons-prod.azureedge.net/u/jayawan/releases/v1.0.1697/1.0.1697.3786/sharepointonline/icon.png","dataSources":["Issue Tracker","TSClient Details","TSEmployee Details"],"dependencies":[],"dependents":[],"parameterHints":{},"parameterHintsV2":{},"isOnPremiseConnection":false,"bypassConsent":false,"dataSets":{"https://szg52.sharepoint.com/sites/Marketing806_tsinfo_shared_sharepointonline_1ef0367007824f2f8d1c4eac346dc08b":{"datasetOverride":{"name":"https://szg52.sharepoint.com/sites/Marketing806","environmentVariableName":"tsinfo_shared_sharepointonline_1ef0367007824f2f8d1c4eac346dc08b"},"dataSources":{"Issue Tracker":{"tableName":"a0777c54-be17-43d3-bf39-583ecc170dd3","tableNameOverride":{"name":"a0777c54-be17-43d3-bf39-583ecc170dd3","environmentVariableName":"tsinfo_shared_sharepointonline_10ed987fecb7450b8201605f23c7eeb6"}},"TSClient Details":{"tableName":"8dcd8103-c978-43c7-8165-f121689505b8","tableNameOverride":{"name":"8dcd8103-c978-43c7-8165-f121689505b8","environmentVariableName":"new_shared_sharepointonline_c1328e49d50d4d89b0f093dbd6ecf365"}},"TSEmployee Details":{"tableName":"2f3c0222-c7bd-4125-a284-a00f2ae2d711","tableNameOverride":{"name":"2f3c0222-c7bd-4125-a284-a00f2ae2d711","environmentVariableName":"new_shared_sharepointonline_c0fab8979b254d4f99563d270fc13071"}}}}},"apiTier":"Standard","actions":["providers/PowerPlatform.Governance/Operations/Read","providers/PowerPlatform.Governance/Operations/Write"]}}</ConnectionReferences>
      <DatabaseReferences>{}</DatabaseReferences>
      <AppComponents>[]</AppComponents>
      <AppComponentDependencies>[]</AppComponentDependencies>
      <CanConsumeAppPass>1</CanConsumeAppPass>
      <CanvasAppType>0</CanvasAppType>
      <BypassConsent>0</BypassConsent>
      <AdminControlBypassConsent>0</AdminControlBypassConsent>
      <EmbeddedApp xsi:nil="true"></EmbeddedApp>
      <IntroducedVersion>1.0</IntroducedVersion>
      <CdsDependencies>{"cdsdependencies":[{"logicalname":"tsinfo_shared_sharepointonline_1ef0367007824f2f8d1c4eac346dc08b","componenttype":380,"componenttypeplatformname":"EnvironmentVariableDefinition"},{"logicalname":"tsinfo_shared_sharepointonline_10ed987fecb7450b8201605f23c7eeb6","componenttype":380,"componenttypeplatformname":"EnvironmentVariableDefinition"},{"logicalname":"new_shared_sharepointonline_c1328e49d50d4d89b0f093dbd6ecf365","componenttype":380,"componenttypeplatformname":"EnvironmentVariableDefinition"},{"logicalname":"new_shared_sharepointonline_c0fab8979b254d4f99563d270fc13071","componenttype":380,"componenttypeplatformname":"EnvironmentVariableDefinition"}]}</CdsDependencies>
      <IsCustomizable>1</IsCustomizable>
      <BackgroundImageUri>/CanvasApps/tsinfo_issuetrackerapplication_06840_BackgroundImageUri</BackgroundImageUri>
      <DocumentUri>/CanvasApps/tsinfo_issuetrackerapplication_06840_DocumentUri.msapp</DocumentUri>
      <AdditionalUris>
        <AdditionalUri>/CanvasApps/tsinfo_issuetrackerapplication_06840_AdditionalUris0_identity.json</AdditionalUri>
      </AdditionalUris>
    </CanvasApp>
  </CanvasApps>
  <connectionreferences>
    <connectionreference connectionreferencelogicalname="tsinfo_sharedsharepointonline_0a2f7">
      <connectionreferencedisplayname>SharePoint DemoSolution-0a2f7</connectionreferencedisplayname>
      <connectorid>/providers/Microsoft.PowerApps/apis/shared_sharepointonline</connectorid>
      <iscustomizable>1</iscustomizable>
      <statecode>0</statecode>
      <statuscode>1</statuscode>
    </connectionreference>
  </connectionreferences>
  <Languages>
    <Language>1033</Language>
  </Languages>
</ImportExportXml>