<ImportExportXml version="9.2.24074.218" SolutionPackageVersion="9.2" languagecode="1033" generatedBy="CrmLive" xmlns:xsi="http://www.w3.org/2001/XMLSchema-instance">
  <SolutionManifest>
    <UniqueName>Issuetrackersolution</UniqueName>
    <LocalizedNames>
      <LocalizedName description="Issue tracker solution" languagecode="1033" />
    </LocalizedNames>
    <Descriptions />
    <Version>1.0.0.4</Version>
    <Managed>0</Managed>
    <Publisher>
      <UniqueName>Info_Solution</UniqueName>
      <LocalizedNames>
        <LocalizedName description="TS Solution" languagecode="1033" />
      </LocalizedNames>
      <Descriptions />
      <EMailAddress xsi:nil="true"></EMailAddress>
      <SupportingWebsiteUrl xsi:nil="true"></SupportingWebsiteUrl>
      <CustomizationPrefix>tsinfo</CustomizationPrefix>
      <CustomizationOptionValuePrefix>64419</CustomizationOptionValuePrefix>
      <Addresses>
        <Address>
          <AddressNumber>1</AddressNumber>
          <AddressTypeCode>1</AddressTypeCode>
          <City xsi:nil="true"></City>
          <County xsi:nil="true"></County>
          <Country xsi:nil="true"></Country>
          <Fax xsi:nil="true"></Fax>
          <FreightTermsCode xsi:nil="true"></FreightTermsCode>
          <ImportSequenceNumber xsi:nil="true"></ImportSequenceNumber>
          <Latitude xsi:nil="true"></Latitude>
          <Line1 xsi:nil="true"></Line1>
          <Line2 xsi:nil="true"></Line2>
          <Line3 xsi:nil="true"></Line3>
          <Longitude xsi:nil="true"></Longitude>
          <Name xsi:nil="true"></Name>
          <PostalCode xsi:nil="true"></PostalCode>
          <PostOfficeBox xsi:nil="true"></PostOfficeBox>
          <PrimaryContactName xsi:nil="true"></PrimaryContactName>
          <ShippingMethodCode>1</ShippingMethodCode>
          <StateOrProvince xsi:nil="true"></StateOrProvince>
          <Telephone1 xsi:nil="true"></Telephone1>
          <Telephone2 xsi:nil="true"></Telephone2>
          <Telephone3 xsi:nil="true"></Telephone3>
          <TimeZoneRuleVersionNumber xsi:nil="true"></TimeZoneRuleVersionNumber>
          <UPSZone xsi:nil="true"></UPSZone>
          <UTCOffset xsi:nil="true"></UTCOffset>
          <UTCConversionTimeZoneCode xsi:nil="true"></UTCConversionTimeZoneCode>
        </Address>
        <Address>
          <AddressNumber>2</AddressNumber>
          <AddressTypeCode>1</AddressTypeCode>
          <City xsi:nil="true"></City>
          <County xsi:nil="true"></County>
          <Country xsi:nil="true"></Country>
          <Fax xsi:nil="true"></Fax>
          <FreightTermsCode xsi:nil="true"></FreightTermsCode>
          <ImportSequenceNumber xsi:nil="true"></ImportSequenceNumber>
          <Latitude xsi:nil="true"></Latitude>
          <Line1 xsi:nil="true"></Line1>
          <Line2 xsi:nil="true"></Line2>
          <Line3 xsi:nil="true"></Line3>
          <Longitude xsi:nil="true"></Longitude>
          <Name xsi:nil="true"></Name>
          <PostalCode xsi:nil="true"></PostalCode>
          <PostOfficeBox xsi:nil="true"></PostOfficeBox>
          <PrimaryContactName xsi:nil="true"></PrimaryContactName>
          <ShippingMethodCode>1</ShippingMethodCode>
          <StateOrProvince xsi:nil="true"></StateOrProvince>
          <Telephone1 xsi:nil="true"></Telephone1>
          <Telephone2 xsi:nil="true"></Telephone2>
          <Telephone3 xsi:nil="true"></Telephone3>
          <TimeZoneRuleVersionNumber xsi:nil="true"></TimeZoneRuleVersionNumber>
          <UPSZone xsi:nil="true"></UPSZone>
          <UTCOffset xsi:nil="true"></UTCOffset>
          <UTCConversionTimeZoneCode xsi:nil="true"></UTCConversionTimeZoneCode>
        </Address>
      </Addresses>
    </Publisher>
    <RootComponents>
      <RootComponent type="29" id="{0105fd16-6c2d-ef11-840a-000d3a342f0c}" behavior="0" />
      <RootComponent type="300" schemaName="tsinfo_issuetrackerapplication_06840" behavior="0" />
    </RootComponents>
    <MissingDependencies>
      <MissingDependency>
        <Required type="connectionreference" displayName="tsinfo_sharedoffice365_c15d5" solution="UserRegistrationsSolution (1.0.0.2)" id.connectionreferencelogicalname="tsinfo_sharedoffice365_c15d5" />
        <Dependent type="29" displayName="Issue Sending Flow" id="{0105fd16-6c2d-ef11-840a-000d3a342f0c}" />
      </MissingDependency>
      <MissingDependency>
        <Required type="EnvironmentVariableDefinition" displayName="new_shared_sharepointonline_c0fab8979b254d4f99563d270fc13071" solution="Active" id.schemaname="new_shared_sharepointonline_c0fab8979b254d4f99563d270fc13071" />
        <Dependent type="300" schemaName="tsinfo_issuetrackerapplication_06840" displayName="Issue Tracker Application" />
      </MissingDependency>
      <MissingDependency>
        <Required type="EnvironmentVariableDefinition" displayName="new_shared_sharepointonline_c1328e49d50d4d89b0f093dbd6ecf365" solution="Active" id.schemaname="new_shared_sharepointonline_c1328e49d50d4d89b0f093dbd6ecf365" />
        <Dependent type="300" schemaName="tsinfo_issuetrackerapplication_06840" displayName="Issue Tracker Application" />
      </MissingDependency>
      <MissingDependency>
        <Required type="EnvironmentVariableDefinition" displayName="tsinfo_shared_sharepointonline_1ef0367007824f2f8d1c4eac346dc08b" solution="UserRegistrationsSolution (1.0.0.2)" id.schemaname="tsinfo_shared_sharepointonline_1ef0367007824f2f8d1c4eac346dc08b" />
        <Dependent type="29" displayName="Issue Sending Flow" id="{0105fd16-6c2d-ef11-840a-000d3a342f0c}" />
      </MissingDependency>
      <MissingDependency>
        <Required type="EnvironmentVariableDefinition" displayName="tsinfo_shared_sharepointonline_1ef0367007824f2f8d1c4eac346dc08b" solution="UserRegistrationsSolution (1.0.0.2)" id.schemaname="tsinfo_shared_sharepointonline_1ef0367007824f2f8d1c4eac346dc08b" />
        <Dependent type="300" schemaName="tsinfo_issuetrackerapplication_06840" displayName="Issue Tracker Application" />
      </MissingDependency>
      <MissingDependency>
        <Required type="EnvironmentVariableDefinition" displayName="tsinfo_shared_sharepointonline_1ef0367007824f2f8d1c4eac346dc08b" solution="UserRegistrationsSolution (1.0.0.2)" id.schemaname="tsinfo_shared_sharepointonline_1ef0367007824f2f8d1c4eac346dc08b" />
        <Dependent type="EnvironmentVariableDefinition" displayName="tsinfo_shared_sharepointonline_10ed987fecb7450b8201605f23c7eeb6" id.schemaname="tsinfo_shared_sharepointonline_10ed987fecb7450b8201605f23c7eeb6" />
      </MissingDependency>
      <MissingDependency>
        <Required type="EnvironmentVariableDefinition" displayName="tsinfo_shared_sharepointonline_1ef0367007824f2f8d1c4eac346dc08b" solution="UserRegistrationsSolution (1.0.0.2)" id.schemaname="tsinfo_shared_sharepointonline_1ef0367007824f2f8d1c4eac346dc08b" />
        <Dependent type="EnvironmentVariableValue" id="{7623e761-bde9-495b-bb77-85a61356e0de}" />
      </MissingDependency>
    </MissingDependencies>
  </SolutionManifest>
</ImportExportXml>