<environmentvariabledefinition schemaname="tsinfo_shared_sharepointonline_10ed987fecb7450b8201605f23c7eeb6">
  <apiid>/providers/microsoft.powerapps/apis/shared_sharepointonline</apiid>
  <displayname default="Issue Tracker">
    <label description="Issue Tracker" languagecode="1033" />
  </displayname>
  <introducedversion>1.0.0.0</introducedversion>
  <iscustomizable>1</iscustomizable>
  <isrequired>0</isrequired>
  <parameterkey>table</parameterkey>
  <parentdefinitionid>
    <schemaname>tsinfo_shared_sharepointonline_1ef0367007824f2f8d1c4eac346dc08b</schemaname>
  </parentdefinitionid>
  <secretstore>0</secretstore>
  <type>100000004</type>
</environmentvariabledefinition>